yahoo_symbol,n_rows,first_date,last_date,n_null_close,n_zero_volume
360ONE.NS,1717,2019-09-19,2026-08-24,0,5
ABB.NS,1791,2019-06-03,2026-08-24,0,5
ABCAPITAL.NS,1791,2019-06-03,2026-08-24,0,5
ADANIENSOL.NS,1791,2019-06-03,2026-08-24,0,6
ADANIENT.NS,1791,2019-06-03,2026-08-24,0,5
ADANIGREEN.NS,1791,2019-06-03,2026-08-24,0,5
ADANIPORTS.NS,1791,2019-06-03,2026-08-24,0,5
ADANIPOWER.NS,1791,2019-06-03,2026-08-24,0,5
ALKEM.NS,1790,2019-06-03,2026-08-24,0,4
AMBUJACEM.NS,1791,2019-06-03,2026-08-24,0,5
APLAPOLLO.NS,1791,2019-06-03,2026-08-24,0,5
APOLLOHOSP.NS,1791,2019-06-03,2026-08-24,0,5
ASHOKLEY.NS,1791,2019-06-03,2026-08-24,0,5
ASIANPAINT.NS,1791,2019-06-03,2026-08-24,0,5
ASTRAL.NS,1791,2019-06-03,2026-08-24,0,5
ATGL.NS,1791,2019-06-03,2026-08-24,0,6
AUBANK.NS,1791,2019-06-03,2026-08-24,0,5
AUROPHARMA.NS,1790,2019-06-03,2026-08-24,0,4
AXISBANK.NS,1791,2019-06-03,2026-08-24,0,5
BAJAJ-AUTO.NS,1791,2019-06-03,2026-08-24,0,6
BAJAJFINSV.NS,1791,2019-06-03,2026-08-24,0,5
BAJAJHLDNG.NS,1791,2019-06-03,2026-08-24,0,5
BAJFINANCE.NS,1791,2019-06-03,2026-08-24,0,5
BANKBARODA.NS,1791,2019-06-03,2026-08-24,0,5
BANKINDIA.NS,1791,2019-06-03,2026-08-24,0,5
BDL.NS,1791,2019-06-03,2026-08-24,0,5
BEL.NS,1791,2019-06-03,2026-08-24,0,5
BHARATFORG.NS,1790,2019-06-03,2026-08-24,0,4
BHARTIARTL.NS,1791,2019-06-03,2026-08-24,0,5
BHEL.NS,1791,2019-06-03,2026-08-24,0,5
BIOCON.NS,1791,2019-06-03,2026-08-24,0,5
BLUESTARCO.NS,1791,2019-06-03,2026-08-24,0,5
BOSCHLTD.NS,1790,2019-06-03,2026-08-24,0,4
BPCL.NS,1791,2019-06-03,2026-08-24,0,5
BRITANNIA.NS,1791,2019-06-03,2026-08-24,0,8
BSE.NS,1791,2019-06-03,2026-08-24,0,5
CANBK.NS,1791,2019-06-03,2026-08-24,0,5
CGPOWER.NS,1791,2019-06-03,2026-08-24,0,5
CHOLAFIN.NS,1791,2019-06-03,2026-08-24,0,5
CIPLA.NS,1791,2019-06-03,2026-08-24,0,5
COALINDIA.NS,1791,2019-06-03,2026-08-24,0,5
COCHINSHIP.NS,1791,2019-06-03,2026-08-24,0,5
COFORGE.NS,1791,2019-06-03,2026-08-24,0,5
COLPAL.NS,1791,2019-06-03,2026-08-24,0,5
CONCOR.NS,1791,2019-06-03,2026-08-24,0,5
COROMANDEL.NS,1791,2019-06-03,2026-08-24,0,5
CUMMINSIND.NS,1791,2019-06-03,2026-08-24,0,5
DABUR.NS,1791,2019-06-03,2026-08-24,0,5
DIVISLAB.NS,1790,2019-06-03,2026-08-24,0,4
DIXON.NS,1791,2019-06-03,2026-08-24,0,5
DLF.NS,1791,2019-06-03,2026-08-24,0,9
DMART.NS,1791,2019-06-03,2026-08-24,0,5
DRREDDY.NS,1791,2019-06-03,2026-08-24,0,5
EICHERMOT.NS,1791,2019-06-03,2026-08-24,0,5
ENRIN.NS,296,2025-06-19,2026-08-24,0,4
ETERNAL.NS,1261,2021-07-23,2026-08-24,0,8
EXIDEIND.NS,1791,2019-06-03,2026-08-24,0,5
FEDERALBNK.NS,1791,2019-06-03,2026-08-24,0,5
FORTIS.NS,1791,2019-06-03,2026-08-24,0,6
GAIL.NS,1791,2019-06-03,2026-08-24,0,5
GLENMARK.NS,1791,2019-06-03,2026-08-24,0,5
GMRAIRPORT.NS,1791,2019-06-03,2026-08-24,0,8
GODFRYPHLP.NS,1791,2019-06-03,2026-08-24,0,5
GODREJCP.NS,1791,2019-06-03,2026-08-24,0,5
GODREJPROP.NS,1791,2019-06-03,2026-08-24,0,5
GRASIM.NS,1791,2019-06-03,2026-08-24,0,5
GROWW.NS,197,2025-11-12,2026-08-24,0,4
GVT&D.NS,1791,2019-06-03,2026-08-24,0,8
HAL.NS,1791,2019-06-03,2026-08-24,0,5
HAVELLS.NS,1791,2019-06-03,2026-08-24,0,5
HCLTECH.NS,1791,2019-06-03,2026-08-24,0,5
HDFCAMC.NS,1791,2019-06-03,2026-08-24,0,5
HDFCBANK.NS,1791,2019-06-03,2026-08-24,0,5
HDFCLIFE.NS,1791,2019-06-03,2026-08-24,0,5
HEROMOTOCO.NS,1791,2019-06-03,2026-08-24,0,5
HINDALCO.NS,1791,2019-06-03,2026-08-24,0,5
HINDPETRO.NS,1791,2019-06-03,2026-08-24,0,5
HINDUNILVR.NS,1791,2019-06-03,2026-08-24,0,5
HINDZINC.NS,1791,2019-06-03,2026-08-24,0,5
HUDCO.NS,1791,2019-06-03,2026-08-24,0,5
HYUNDAI.NS,459,2024-10-22,2026-08-24,0,5
ICICIAMC.NS,170,2025-12-19,2026-08-24,0,4
ICICIBANK.NS,1791,2019-06-03,2026-08-24,0,5
ICICIGI.NS,1791,2019-06-03,2026-08-24,0,5
IDEA.NS,1791,2019-06-03,2026-08-24,0,5
IDFCFIRSTB.NS,1791,2019-06-03,2026-08-24,0,8
INDHOTEL.NS,1791,2019-06-03,2026-08-24,0,5
INDIANB.NS,1791,2019-06-03,2026-08-24,0,5
INDIGO.NS,1790,2019-06-03,2026-08-24,0,4
INDUSINDBK.NS,1791,2019-06-03,2026-08-24,0,5
INDUSTOWER.NS,1791,2019-06-03,2026-08-24,0,6
INFY.NS,1791,2019-06-03,2026-08-24,0,5
IOC.NS,1791,2019-06-03,2026-08-24,0,5
IRCTC.NS,1703,2019-10-14,2026-08-24,0,5
IREDA.NS,679,2023-11-29,2026-08-24,0,6
IRFC.NS,1379,2021-01-29,2026-08-24,0,6
ITC.NS,1791,2019-06-03,2026-08-24,0,4
JINDALSTEL.NS,1791,2019-06-03,2026-08-24,0,5
JIOFIN.NS,746,2023-08-21,2026-08-24,0,6
JSWENERGY.NS,1791,2019-06-03,2026-08-24,0,5
JSWSTEEL.NS,1791,2019-06-03,2026-08-24,0,8
JUBLFOOD.NS,1791,2019-06-03,2026-08-24,0,5
KALYANKJIL.NS,1340,2021-03-26,2026-08-24,0,6
KEI.NS,1791,2019-06-03,2026-08-24,0,5
KOTAKBANK.NS,1791,2019-06-03,2026-08-24,0,5
KPITTECH.NS,1791,2019-06-03,2026-08-24,0,5
LAURUSLABS.NS,1791,2019-06-03,2026-08-24,0,5
LENSKART.NS,199,2025-11-10,2026-08-24,0,4
LGEINDIA.NS,216,2025-10-14,2026-08-24,0,4
LICHSGFIN.NS,1791,2019-06-03,2026-08-24,0,5
LODHA.NS,1327,2021-04-19,2026-08-24,0,6
LT.NS,1791,2019-06-03,2026-08-24,0,5
LTF.NS,1791,2019-06-03,2026-08-24,0,5
LTM.NS,1791,2019-06-03,2026-08-24,0,8
LUPIN.NS,1791,2019-06-03,2026-08-24,0,5
M&M.NS,1791,2019-06-03,2026-08-24,0,6
M&MFIN.NS,1791,2019-06-03,2026-08-24,0,6
MANKIND.NS,817,2023-05-09,2026-08-24,0,5
MARICO.NS,1791,2019-06-03,2026-08-24,0,5
MARUTI.NS,1791,2019-06-03,2026-08-24,0,5
MAXHEALTH.NS,1490,2020-08-21,2026-08-24,0,5
MAZDOCK.NS,1455,2020-10-12,2026-08-24,0,6
MCX.NS,1791,2019-06-03,2026-08-24,0,5
MFSL.NS,1791,2019-06-03,2026-08-24,0,5
MOTHERSON.NS,1791,2019-06-03,2026-08-24,0,6
MOTILALOFS.NS,1791,2019-06-03,2026-08-24,0,5
MPHASIS.NS,1791,2019-06-03,2026-08-24,0,5
MRF.NS,1790,2019-06-03,2026-08-24,0,4
MUTHOOTFIN.NS,1791,2019-06-03,2026-08-24,0,5
NATIONALUM.NS,1791,2019-06-03,2026-08-24,0,5
NAUKRI.NS,1791,2019-06-03,2026-08-24,0,5
NESTLEIND.NS,1791,2019-06-03,2026-08-24,0,5
NHPC.NS,1791,2019-06-03,2026-08-24,0,5
NMDC.NS,1791,2019-06-03,2026-08-24,0,5
NTPC.NS,1791,2019-06-03,2026-08-24,0,5
NYKAA.NS,1187,2021-11-10,2026-08-24,0,6
OBEROIRLTY.NS,1790,2019-06-03,2026-08-24,0,4
OFSS.NS,1791,2019-06-03,2026-08-24,0,5
OIL.NS,1791,2019-06-03,2026-08-24,0,5
ONGC.NS,1791,2019-06-03,2026-08-24,0,5
PAGEIND.NS,1789,2019-06-03,2026-08-24,0,3
PATANJALI.NS,1791,2019-06-03,2026-08-24,0,57
PAYTM.NS,1181,2021-11-18,2026-08-24,0,6
PERSISTENT.NS,1791,2019-06-03,2026-08-24,0,5
PFC.NS,1791,2019-06-03,2026-08-24,0,5
PHOENIXLTD.NS,1789,2019-06-03,2026-08-24,0,3
PIDILITIND.NS,1791,2019-06-03,2026-08-24,0,5
PIIND.NS,1791,2019-06-03,2026-08-24,0,5
PNB.NS,1791,2019-06-03,2026-08-24,0,5
POLICYBZR.NS,1183,2021-11-15,2026-08-24,0,5
POLYCAB.NS,1791,2019-06-03,2026-08-24,0,10
POWERGRID.NS,1791,2019-06-03,2026-08-24,0,5
POWERINDIA.NS,1588,2020-03-30,2026-08-24,0,5
PREMIERENE.NS,493,2024-09-03,2026-08-24,0,5
PRESTIGE.NS,1791,2019-06-03,2026-08-24,0,5
RADICO.NS,1790,2019-06-03,2026-08-24,0,4
RECLTD.NS,1791,2019-06-03,2026-08-24,0,5
RELIANCE.NS,1791,2019-06-03,2026-08-24,0,5
RVNL.NS,1791,2019-06-03,2026-08-24,0,5
SAIL.NS,1791,2019-06-03,2026-08-24,0,5
SBICARD.NS,1598,2020-03-16,2026-08-24,0,5
SBILIFE.NS,1791,2019-06-03,2026-08-24,0,5
SBIN.NS,1791,2019-06-03,2026-08-24,0,5
SHREECEM.NS,1791,2019-06-03,2026-08-24,0,5
SHRIRAMFIN.NS,1791,2019-06-03,2026-08-24,0,6
SIEMENS.NS,1790,2019-06-03,2026-08-24,0,4
SOLARINDS.NS,1790,2019-06-03,2026-08-24,0,4
SRF.NS,1791,2019-06-03,2026-08-24,0,5
SUNPHARMA.NS,1791,2019-06-03,2026-08-24,0,5
SUPREMEIND.NS,1791,2019-06-03,2026-08-24,0,5
SUZLON.NS,1791,2019-06-03,2026-08-24,0,5
SWIGGY.NS,443,2024-11-13,2026-08-24,0,5
TATACAP.NS,217,2025-10-13,2026-08-24,0,4
TATACOMM.NS,1791,2019-06-03,2026-08-24,0,5
TATACONSUM.NS,1791,2019-06-03,2026-08-24,0,5
TATAELXSI.NS,1791,2019-06-03,2026-08-24,0,5
TATAINVEST.NS,1791,2019-06-03,2026-08-24,0,5
TATAPOWER.NS,1791,2019-06-03,2026-08-24,0,5
TATASTEEL.NS,1791,2019-06-03,2026-08-24,0,5
TCS.NS,1791,2019-06-03,2026-08-24,0,5
TECHM.NS,1791,2019-06-03,2026-08-24,0,5
TIINDIA.NS,1791,2019-06-03,2026-08-24,0,5
TITAN.NS,1791,2019-06-03,2026-08-24,0,5
TMCV.NS,197,2025-11-12,2026-08-24,0,4
TMPV.NS,1791,2019-06-03,2026-08-24,0,5
TORNTPHARM.NS,1791,2019-06-03,2026-08-24,0,5
TRENT.NS,1791,2019-06-03,2026-08-24,0,5
TVSMOTOR.NS,1791,2019-06-03,2026-08-24,0,5
ULTRACEMCO.NS,1791,2019-06-03,2026-08-24,0,5
UNIONBANK.NS,1791,2019-06-03,2026-08-24,0,5
UNITDSPR.NS,1791,2019-06-03,2026-08-24,0,7
UPL.NS,1791,2019-06-03,2026-08-24,0,5
VBL.NS,1791,2019-06-03,2026-08-24,0,5
VEDL.NS,1791,2019-06-03,2026-08-24,0,5
VMM.NS,420,2024-12-18,2026-08-24,0,5
VOLTAS.NS,1791,2019-06-03,2026-08-24,0,5
WAAREEENER.NS,455,2024-10-28,2026-08-24,0,5
WIPRO.NS,1791,2019-06-03,2026-08-24,0,5
YESBANK.NS,1791,2019-06-03,2026-08-24,0,5
ZYDUSLIFE.NS,1791,2019-06-03,2026-08-24,0,9
