slate,universe,signal,lookback,skip,weights,buffer,cadence,weighting,dir,id,pnl,total_return,cagr,sharpe,max_drawdown,turnover_pa,costs,round_trips,names_ever_held,accuracy,gain_to_loss,bench_ew_return,band_sigma,band_percentile,risk_adj_percentile,z_vs_frame_v0,stress_return,duplicate_of
MAND,Nifty 100 + Midcap 100,12-1 momentum,252,21,—,False,quarterly,reset,output,V0 (default run),87646845.58111998,8.764684558111998,0.5778554464484398,2.2134998177860448,-0.3249847114004996,3.768242373073228,884694.3748266106,92.0,67.0,0.6739130434782609,1.834057733921138,2.8490163683705365,8616185.287543843,100.0,62.970000000000006,,0.1077020603610077,
MAND,Nifty 100 + Midcap 100,12-1 momentum,252,21,—,False,daily,drift,output/sweep/every_trading_day_drift,MAND daily/drift,86809592.42209585,8.680959242209585,0.575138459626219,2.1666497998428373,-0.307154645705283,31.03074859792897,7364405.96607217,821.0,96.0,0.5152253349573691,2.1915957181299057,3.1865966929839846,821923.7265438163,100.0,100.0,,0.021819885738078,
MAND,Nifty 100 + Midcap 100,12-1 momentum,252,21,—,False,daily,reset,output/sweep/every_trading_day_reset,MAND daily/reset,92946976.17366935,9.294697617366936,0.5946355181856868,2.2575977599445265,-0.3633505906465124,37.027886351043136,8870586.687806115,821.0,96.0,0.5225334957369062,2.0926583453947227,2.7992874524348745,821335.625442305,100.0,100.0,,0.0206291916698513,
SIG,Nifty 100 + Midcap 100,momentum 126d skip 0d,126,0,—,False,monthly,reset,output/sweep/mom126x0_monthly_reset,SIG 126/0,73600598.86010836,7.360059886010836,0.5295659522113414,1.91027518720723,-0.3013922367321827,9.23489140675606,2118244.2557808748,226.0,102.0,0.588495575221239,1.7681453051007954,2.7766889847064884,,,,,,
SIG,Nifty 100 + Midcap 100,momentum 126d skip 21d,126,21,—,False,monthly,reset,output/sweep/mom126x21_monthly_reset,SIG 126/21,86494815.6229762,8.64948156229762,0.5741121086543162,2.1172724339004065,-0.2963418136308452,10.393469124968888,2739091.7073797677,250.0,110.0,0.592,1.5561308986234998,2.7766889847064884,,,,,,
SIG,Nifty 100 + Midcap 100,momentum 189d skip 0d,189,0,—,False,monthly,reset,output/sweep/mom189x0_monthly_reset,SIG 189/0,89292950.3941605,8.929295039416049,0.5831433728195885,2.195961457865194,-0.3347993684383117,7.865797298483987,2280917.8982885126,186.0,94.0,0.553763440860215,2.0250824866536896,2.7666336104229035,,,,,,
SIG,Nifty 100 + Midcap 100,momentum 189d skip 21d,189,21,—,False,monthly,reset,output/sweep/mom189x21_monthly_reset,SIG 189/21,83883791.07678194,8.388379107678194,0.5654938118382913,2.1537700578204624,-0.3579230488187668,8.151783954058644,2212867.1312201396,188.0,92.0,0.6117021276595744,1.4885610705830097,2.7666336104229035,,,,,,
SIG,Nifty 100 + Midcap 100,momentum 252d skip 0d,252,0,—,False,monthly,reset,output/sweep/mom252x0_monthly_reset,SIG 252/0,106343443.6280798,10.63434436280798,0.6341592436940735,2.3668813807806504,-0.2930780740818592,6.978482326576902,1746975.6607992754,164.0,83.0,0.5853658536585366,2.5982191940674206,2.805451542870692,,,,,,
SIG,Nifty 100 + Midcap 100,momentum 252d skip 21d,252,21,—,False,monthly,reset,output/sweep/mom252x21_monthly_reset,SIG 252/21,107649805.93465684,10.764980593465683,0.6378152076332011,2.420548951737195,-0.3240154582967812,7.361736476273629,2059816.2584396417,168.0,83.0,0.625,2.0107976407621946,2.805451542870692,,,,,,output/sweep/monthly_reset
MAND,Nifty 100 + Midcap 100,12-1 momentum,252,21,—,False,monthly,drift,output/sweep/monthly_drift,MAND monthly/drift,94887434.04890253,9.488743404890252,0.6006062830035064,2.239687467755699,-0.3004087187358391,5.973688653900253,1593577.1037072996,168.0,83.0,0.625,2.0192845593035003,2.889318597543,7474093.454994861,100.0,88.37,,0.0773432256581145,
MAND,Nifty 100 + Midcap 100,12-1 momentum,252,21,—,False,monthly,reset,output/sweep/monthly_reset,MAND monthly/reset,107649805.93465684,10.764980593465683,0.6378152076332011,2.420548951737195,-0.3240154582967812,7.361736476273629,2059816.2584396417,168.0,83.0,0.625,2.0107976407621946,2.805451542870692,7470579.2460306175,100.0,96.01,,0.075969231580008,
MAND,Nifty 100 + Midcap 100,12-1 momentum,252,21,—,False,quarterly,drift,output/sweep/quarterly_drift,MAND quarterly/drift,86377499.4396291,8.637749943962909,0.5737289062465658,2.1439689323086273,-0.3507844098860768,3.0500494300260046,744525.9753107834,92.0,67.0,0.6630434782608695,2.0510074733356003,2.9398784889297733,8631304.873078115,100.0,60.18,,0.0784922731917938,
MAND,Nifty 100 + Midcap 100,12-1 momentum,252,21,—,False,quarterly,reset,output/sweep/quarterly_reset,MAND quarterly/reset,87646845.58111998,8.764684558111998,0.5778554464484398,2.2134998177860448,-0.3249847114004996,3.768242373073228,884694.3748266106,92.0,67.0,0.6739130434782609,1.834057733921138,2.8490163683705365,8616185.287543843,100.0,62.970000000000006,,0.0769462024742402,
SMALL,+ Nifty Smallcap 100 (299 names),12-1 momentum,252,21,—,False,monthly,reset,output/sweep/small_monthly_reset,SMALL monthly,63738800.22590089,6.373880022590089,0.4916195811230515,1.7964995779810533,-0.3217550859508612,8.654779565718217,1784986.008523702,202.0,92.0,0.6435643564356436,1.3772844357199825,2.991194516340295,8747150.029246913,99.9,75.82,,0.0916334812151047,
SMALL,+ Nifty Smallcap 100 (299 names),12-1 momentum,252,21,—,False,quarterly,reset,output/sweep/small_quarterly_reset,SMALL quarterly,80404132.02083284,8.040413202083284,0.5537052773118576,2.029629768000827,-0.2762233720412795,4.029415567512131,1007369.9191689702,100.0,70.0,0.66,1.5335433785149222,3.0710529891077485,10272309.95479832,99.91,74.22999999999999,,0.0654594677497695,
MAND,Nifty 100 + Midcap 100,12-1 momentum,252,21,—,False,weekly,drift,output/sweep/weekly_drift,MAND weekly/drift,84868961.59504478,8.486896159504477,0.5687678557944782,2.116357923494601,-0.3495618660039218,13.053537461434797,3288935.4730283353,361.0,93.0,0.5512465373961218,2.141442756979151,3.254897817334496,5075941.826760431,100.0,99.97,,0.0902145909495384,
MAND,Nifty 100 + Midcap 100,12-1 momentum,252,21,—,False,weekly,reset,output/sweep/weekly_reset,MAND weekly/reset,99894149.2757179,9.98941492757179,0.6156136490577442,2.333217011258659,-0.349125432252461,16.19920479631604,4519048.077042098,361.0,93.0,0.554016620498615,2.08371448118239,2.7994726854722933,5081177.876697245,100.0,100.0,,0.0858141050487186,
V1,Nifty 100 + Midcap 100,composite (mom + info-disc + drawdown),252,21,1/1/1,False,quarterly,reset,output/v1/base,V1 base,23122522.02976875,2.312252202976875,0.2708547874560936,1.1943815925992163,-0.3390126382480241,5.6482819833329865,675747.0441015905,146.0,,0.5958904109589042,1.311869810683343,,8616185.287543843,,,-7.4887344454664975,-0.011139260641482518,
WGT,Nifty 100 + Midcap 100,composite (mom + info-disc + drawdown),252,21,1/1/1,False,monthly,drift,output/v1/base_monthly_drift,WGT base monthly/drift,28342203.027006075,2.8342203027006074,0.308625468406869,1.3408072619514448,-0.3221447008443068,11.039294637818974,1471063.804244433,302.0,,0.5099337748344371,1.6943415620895859,,7474093.454994861,,,-8.90345182631145,,
WGT,Nifty 100 + Midcap 100,composite (mom + info-disc + drawdown),252,21,1/1/1,False,monthly,reset,output/v1/base_monthly_reset,WGT base monthly/reset,25932458.382887326,2.5932458382887327,0.29173515840061204,1.2914070858816953,-0.329631588975286,12.001778887154195,1536686.5342803372,302.0,,0.5198675496688742,1.5529542107226098,,7470579.2460306175,,,-10.938555747894494,,
WGT,Nifty 100 + Midcap 100,composite (mom + info-disc + drawdown),252,21,1/1/1,False,quarterly,drift,output/v1/base_quarterly_drift,WGT base quarterly/drift,21954567.674992133,2.195456767499213,0.2617569434674647,1.1268337622465743,-0.3293730918005163,5.293997891270181,611460.3606714719,146.0,,0.5958904109589042,1.3317140683533284,,8631304.873078115,,,-7.4638693351660415,,
WGT,Nifty 100 + Midcap 100,composite (mom + info-disc + drawdown),252,21,1/1/1,False,quarterly,reset,output/v1/base_quarterly_reset,WGT base quarterly/reset,23122522.02976875,2.312252202976875,0.2708547874560936,1.1943815925992163,-0.3390126382480241,5.6482819833329865,675747.0441015905,146.0,,0.5958904109589042,1.311869810683343,,8616185.287543843,,,-7.4887344454664975,,output/v1/base
WGT,Nifty 100 + Midcap 100,composite (mom + info-disc + drawdown),252,21,1/1/1,False,weekly,drift,output/v1/base_weekly_drift,WGT base weekly/drift,39569020.85156126,3.956902085156126,0.377644942966614,1.6636347193663001,-0.33310006666970926,31.24468544266194,4957457.134807551,825.0,,0.46424242424242423,1.8743407508871661,,5075941.826760431,,,-8.924440486031902,,
WGT,Nifty 100 + Midcap 100,composite (mom + info-disc + drawdown),252,21,1/1/1,False,weekly,reset,output/v1/base_weekly_reset,WGT base weekly/reset,39633353.74142004,3.9633353741420034,0.3780025961337643,1.7004192734730579,-0.3315593337902142,33.45766918745682,5261440.060748489,825.0,,0.4703030303030303,1.8240000877638989,,5081177.876697245,,,-11.859611491000832,,
V1,Nifty 100 + Midcap 100,composite (mom + info-disc + drawdown),252,21,1/1/1,True,quarterly,reset,output/v1/buffer,V1 buffer,28788342.36182774,2.8788342361827737,0.31165883244199977,1.3942363376515006,-0.35135082275889706,4.220846093338695,611027.4111977743,109.0,,0.6146788990825688,1.361143350994798,,8616185.287543843,,,-6.831155697682384,,
WGT,Nifty 100 + Midcap 100,composite (mom + info-disc + drawdown),252,21,1/1/0,False,monthly,drift,output/v1/no-dd_monthly_drift,WGT no-dd monthly/drift,40237429.512651026,4.023742951265103,0.3813429424044117,1.609488758398927,-0.26846410677559707,7.334418377670202,985239.6687111219,204.0,,0.5931372549019608,1.916090705399493,,7474093.454994861,,,-7.311924163823434,,
WGT,Nifty 100 + Midcap 100,composite (mom + info-disc + drawdown),252,21,1/1/0,False,monthly,reset,output/v1/no-dd_monthly_reset,WGT no-dd monthly/reset,36554903.78439515,3.6554903784395147,0.36045627707616434,1.5550944952704784,-0.2745298227857734,8.582246800719574,1109668.0228570974,204.0,,0.6078431372549019,1.643031855478573,,7470579.2460306175,,,-9.516651896576418,,
WGT,Nifty 100 + Midcap 100,composite (mom + info-disc + drawdown),252,21,1/1/0,False,quarterly,drift,output/v1/no-dd_quarterly_drift,WGT no-dd quarterly/drift,32529453.284151703,3.25294532841517,0.3360542161652995,1.4144338890092465,-0.28765278758272717,4.050148425174676,522023.6334050598,114.0,,0.5964912280701754,1.8595937811571441,,8631304.873078115,,,-6.238691246260426,,
WGT,Nifty 100 + Midcap 100,composite (mom + info-disc + drawdown),252,21,1/1/0,False,quarterly,reset,output/v1/no-dd_quarterly_reset,WGT no-dd quarterly/reset,29843156.892021626,2.9843156892021625,0.3187212015485721,1.3745549989301415,-0.2909127226779985,4.508992058045789,549987.2695613226,114.0,,0.6052631578947368,1.696693611554971,,8616185.287543843,,,-6.708733245635211,,
WGT,Nifty 100 + Midcap 100,composite (mom + info-disc + drawdown),252,21,1/1/0,False,weekly,drift,output/v1/no-dd_weekly_drift,WGT no-dd weekly/drift,31533661.33997944,3.1533661339979444,0.3297339462804092,1.3926452525535153,-0.2963769730594874,17.08336407857422,2116545.4880069615,464.0,,0.5603448275862069,1.5379334077754219,,5075941.826760431,,,-10.507468776312791,,
WGT,Nifty 100 + Midcap 100,composite (mom + info-disc + drawdown),252,21,1/1/0,False,weekly,reset,output/v1/no-dd_weekly_reset,WGT no-dd weekly/reset,29375316.35767033,2.937531635767033,0.31560752461651664,1.3663237357700293,-0.29846395373761025,19.845167752584082,2358063.277591207,464.0,,0.5732758620689655,1.3815622626909045,,5081177.876697245,,,-13.878442091439766,,
WGT,Nifty 100 + Midcap 100,composite (mom + info-disc + drawdown),252,21,1/0/1,False,monthly,drift,output/v1/no-id_monthly_drift,WGT no-id monthly/drift,43640606.20096895,4.364060620096895,0.3995830238234397,1.6888938899767583,-0.30718421534250206,14.392761845402694,2133671.8607089785,379.0,,0.5356200527704486,1.726566065867415,,7474093.454994861,,,-6.856594469485238,,
WGT,Nifty 100 + Midcap 100,composite (mom + info-disc + drawdown),252,21,1/0/1,False,monthly,reset,output/v1/no-id_monthly_reset,WGT no-id monthly/reset,43691041.92547419,4.369104192547419,0.3998462974520509,1.7072443301140798,-0.30321101001397455,14.989523301871,2207142.997252764,379.0,,0.5356200527704486,1.7162698742987084,,7470579.2460306175,,,-8.561419657406914,,
WGT,Nifty 100 + Midcap 100,composite (mom + info-disc + drawdown),252,21,1/0/1,False,quarterly,drift,output/v1/no-id_quarterly_drift,WGT no-id quarterly/drift,45920315.445255525,4.592031544525552,0.41129021141191835,1.7768773036105552,-0.3184796467901746,5.750358694933763,952553.4250695617,156.0,,0.6538461538461539,1.2834761028679593,,8631304.873078115,,,-4.687261612153625,,
WGT,Nifty 100 + Midcap 100,composite (mom + info-disc + drawdown),252,21,1/0/1,False,quarterly,reset,output/v1/no-id_quarterly_reset,WGT no-id quarterly/reset,48922361.251779154,4.892236125177916,0.42613798138117254,1.8507957266570236,-0.3177211528240734,6.054077774239532,1037634.2508014876,156.0,,0.6538461538461539,1.2875323589795338,,8616185.287543843,,,-4.4943885300753275,,
WGT,Nifty 100 + Midcap 100,composite (mom + info-disc + drawdown),252,21,1/0/1,False,weekly,drift,output/v1/no-id_weekly_drift,WGT no-id weekly/drift,56188803.5585849,5.61888035585849,0.4597192738177387,1.9565636491323966,-0.3549850046709586,43.30775934166152,8316346.812110534,1127.0,,0.4906832298136646,1.5978365200704154,,5075941.826760431,,,-5.650214091354971,,
WGT,Nifty 100 + Midcap 100,composite (mom + info-disc + drawdown),252,21,1/0/1,False,weekly,reset,output/v1/no-id_weekly_reset,WGT no-id weekly/reset,58449069.94908038,5.844906994908038,0.46956210416052047,2.028003749165855,-0.3484371147546066,45.34104442695944,8841751.718629286,1127.0,,0.4951197870452529,1.5728516880137764,,5081177.876697245,,,-8.156588950902213,,
V1,Nifty 100 + Midcap 100,residual momentum,252,21,1/1/1,False,quarterly,reset,output/v1/rm-solo,V1 rm-solo,43302964.60384331,4.330296460384331,0.39781542242968637,1.86390093926904,-0.3109101913040272,4.3971166030307955,730753.6317523957,111.0,,0.6396396396396397,1.6636930006372415,,8616185.287543843,,,-5.146579315254893,,
V1,Nifty 100 + Midcap 100,composite (mom + info-disc + drawdown),252,21,2/1/1,False,quarterly,reset,output/v1/tilt,V1 tilt,29215951.235005386,2.9215951235005386,0.3145401249952391,1.344783096464533,-0.3414558321280079,5.2955492178763155,727422.6124334272,137.0,,0.6058394160583942,1.3436497993458583,,8616185.287543843,,,-6.781527137141116,,
WGT,Nifty 100 + Midcap 100,composite (mom + info-disc + drawdown),252,21,2/1/1,False,monthly,drift,output/v1/tilt_monthly_drift,WGT tilt monthly/drift,34346798.575322405,3.434679857532241,0.34728993671945085,1.4540717930056628,-0.33835897137916815,9.870595019663515,1498143.297059442,275.0,,0.5163636363636364,1.7940424735220295,,7474093.454994861,,,-8.100064019552956,,
WGT,Nifty 100 + Midcap 100,composite (mom + info-disc + drawdown),252,21,2/1/1,False,monthly,reset,output/v1/tilt_monthly_reset,WGT tilt monthly/reset,34822937.67023507,3.4822937670235063,0.3501726610241638,1.508759974323057,-0.346069966470662,10.987305839806579,1699461.4283290785,275.0,,0.5163636363636364,1.7247727712350542,,7470579.2460306175,,,-9.748490159329648,,
WGT,Nifty 100 + Midcap 100,composite (mom + info-disc + drawdown),252,21,2/1/1,False,quarterly,drift,output/v1/tilt_quarterly_drift,WGT tilt quarterly/drift,26934821.901413567,2.693482190141357,0.2988677473168413,1.248228875687132,-0.33788847234520814,4.8919212583157,639838.1693643265,137.0,,0.6058394160583942,1.3535297754792333,,8631304.873078115,,,-6.886870341426944,,
WGT,Nifty 100 + Midcap 100,composite (mom + info-disc + drawdown),252,21,2/1/1,False,quarterly,reset,output/v1/tilt_quarterly_reset,WGT tilt quarterly/reset,29215951.235005386,2.9215951235005386,0.3145401249952391,1.344783096464533,-0.3414558321280079,5.2955492178763155,727422.6124334272,137.0,,0.6058394160583942,1.3436497993458583,,8616185.287543843,,,-6.781527137141116,,output/v1/tilt
WGT,Nifty 100 + Midcap 100,composite (mom + info-disc + drawdown),252,21,2/1/1,False,weekly,drift,output/v1/tilt_weekly_drift,WGT tilt weekly/drift,40484184.751177035,4.048418475117703,0.38269818297463876,1.6229081006713297,-0.3308372020758622,27.434136217295062,4331478.158136163,733.0,,0.46248294679399726,1.9220228459532294,,5075941.826760431,,,-8.744146083367351,,
WGT,Nifty 100 + Midcap 100,composite (mom + info-disc + drawdown),252,21,2/1/1,False,weekly,reset,output/v1/tilt_weekly_reset,WGT tilt weekly/reset,40449241.85433204,4.044924185433204,0.38250659045050384,1.6515118277354313,-0.32963610615066485,29.9901029074072,4775729.700370723,733.0,,0.46521145975443384,1.8591912892983558,,5081177.876697245,,,-11.699040825554592,,
WGT,Nifty 100 + Midcap 100,composite (mom + info-disc + drawdown),252,21,3/1/1,False,monthly,drift,output/v1/w3_monthly_drift,WGT w3 monthly/drift,52210356.231465966,5.221035623146596,0.4417212043446268,1.8281789420532522,-0.32653933236084465,8.7675737973124,1625648.361329085,250.0,,0.52,2.141039095377364,,7474093.454994861,,,-5.710000560524956,,
WGT,Nifty 100 + Midcap 100,composite (mom + info-disc + drawdown),252,21,3/1/1,False,monthly,reset,output/v1/w3_monthly_reset,WGT w3 monthly/reset,52662801.89698804,5.266280189698804,0.443813643509251,1.870883988017939,-0.3366153533172913,10.072448200156977,1939919.7745029423,250.0,,0.52,1.975061319525202,,7470579.2460306175,,,-7.360473964168888,,
WGT,Nifty 100 + Midcap 100,composite (mom + info-disc + drawdown),252,21,3/1/1,False,quarterly,drift,output/v1/w3_quarterly_drift,WGT w3 quarterly/drift,50893380.386953875,5.089338038695388,0.4355604737843475,1.792986760191746,-0.3163909911528223,4.3055149001689195,800460.9073118743,123.0,,0.6585365853658537,1.5104757073095534,,8631304.873078115,,,-4.111095549799621,,
WGT,Nifty 100 + Midcap 100,composite (mom + info-disc + drawdown),252,21,3/1/1,False,quarterly,reset,output/v1/w3_quarterly_reset,WGT w3 quarterly/reset,56147717.48624586,5.6147717486245865,0.4595378832768251,1.9362279817438721,-0.3137359997925805,4.762130663634313,957996.9748327776,123.0,,0.6747967479674797,1.3580803478767864,,8616185.287543843,,,-3.6558090435231767,,
WGT,Nifty 100 + Midcap 100,composite (mom + info-disc + drawdown),252,21,3/1/1,False,weekly,drift,output/v1/w3_weekly_drift,WGT w3 weekly/drift,39948932.206472866,3.9948932206472865,0.3797516757777868,1.5649966997681768,-0.32282164002544567,24.63906264388321,3553803.257938553,677.0,,0.4638109305760709,2.014237853599402,,5075941.826760431,,,-8.849594995701672,,
WGT,Nifty 100 + Midcap 100,composite (mom + info-disc + drawdown),252,21,3/1/1,False,weekly,reset,output/v1/w3_weekly_reset,WGT w3 weekly/reset,38614813.94751453,3.8614813947514524,0.3722960191056808,1.5550830529706585,-0.33279789872136445,27.849291757055386,4013427.312187521,677.0,,0.46971935007385524,1.8749685944048815,,5081177.876697245,,,-12.060064972186098,,
WGT,Nifty 100 + Midcap 100,composite (mom + info-disc + drawdown),252,21,6/1/1,False,monthly,drift,output/v1/w6_monthly_drift,WGT w6 monthly/drift,72111637.3200024,7.211163732000241,0.5240745231063453,2.0797732125465553,-0.31423057526614595,7.291648627947791,1556769.683903844,207.0,,0.5797101449275363,2.1733265456121362,,7474093.454994861,,,-3.047298895316767,,
WGT,Nifty 100 + Midcap 100,composite (mom + info-disc + drawdown),252,21,6/1/1,False,monthly,reset,output/v1/w6_monthly_reset,WGT w6 monthly/reset,78594501.52782103,7.859450152782104,0.5474304392433611,2.218701284317578,-0.3042390821807168,8.524917926509026,1963394.3930100058,207.0,,0.5845410628019324,1.998034144522359,,7470579.2460306175,,,-3.8892973958175894,,
WGT,Nifty 100 + Midcap 100,composite (mom + info-disc + drawdown),252,21,6/1/1,False,quarterly,drift,output/v1/w6_quarterly_drift,WGT w6 quarterly/drift,57055183.1589889,5.70551831589889,0.46352343321155387,1.8364497399622206,-0.33299255512449455,4.065224727903928,733316.5864512685,117.0,,0.6666666666666666,1.7065277069025957,,8631304.873078115,,,-3.397205487677694,,
WGT,Nifty 100 + Midcap 100,composite (mom + info-disc + drawdown),252,21,6/1/1,False,quarterly,reset,output/v1/w6_quarterly_reset,WGT w6 quarterly/reset,63069390.24208549,6.306939024208549,0.48889961141417326,1.9613411257738984,-0.3328643387669986,4.553187930577636,878339.0287643726,117.0,,0.6666666666666666,1.6220727247269273,,8616185.287543843,,,-2.852475256604031,,
WGT,Nifty 100 + Midcap 100,composite (mom + info-disc + drawdown),252,21,6/1/1,False,weekly,drift,output/v1/w6_weekly_drift,WGT w6 weekly/drift,58028850.94733307,5.802885094733306,0.4677520467087144,1.8567116476809196,-0.34016215999668786,19.721849820820832,3730192.2107155565,548.0,,0.4908759124087591,2.022295729843482,,5075941.826760431,,,-5.287710451331475,,
WGT,Nifty 100 + Midcap 100,composite (mom + info-disc + drawdown),252,21,6/1/1,False,weekly,reset,output/v1/w6_weekly_reset,WGT w6 weekly/reset,63173252.928332,6.3173252928332,0.48932293268924676,1.9636440585474606,-0.344084909719348,22.988313676579377,4679329.69139546,548.0,,0.5,1.8841338586684109,,5081177.876697245,,,-7.226847246539301,,
WGT,Nifty 100 + Midcap 100,composite (mom + info-disc + drawdown),252,21,8/1/1,False,monthly,drift,output/v1/w8_monthly_drift,WGT w8 monthly/drift,76531661.69101179,7.653166169101178,0.5401513074954367,2.145124980757761,-0.32747150870760244,6.966979583225323,1680679.0456355044,198.0,,0.5959595959595959,2.0566689190010097,,7474093.454994861,,,-2.4559195664891993,,
WGT,Nifty 100 + Midcap 100,composite (mom + info-disc + drawdown),252,21,8/1/1,False,monthly,reset,output/v1/w8_monthly_reset,WGT w8 monthly/reset,83978364.88307886,8.397836488307886,0.5658093007260319,2.2846823723195704,-0.32359336898391633,8.244877184803785,2117964.2747275415,198.0,,0.5959595959595959,1.9159076957364032,,7470579.2460306175,,,-3.1686219062806216,,
WGT,Nifty 100 + Midcap 100,composite (mom + info-disc + drawdown),252,21,8/1/1,False,quarterly,drift,output/v1/w8_quarterly_drift,WGT w8 quarterly/drift,59931455.551127195,5.9931455551127195,0.4758771948739444,1.934911176308163,-0.34373959726077974,3.7727174427431667,735666.2316105422,110.0,,0.6545454545454545,1.7819285938083755,,8631304.873078115,,,-3.063968226981496,,
WGT,Nifty 100 + Midcap 100,composite (mom + info-disc + drawdown),252,21,8/1/1,False,quarterly,reset,output/v1/w8_quarterly_reset,WGT w8 quarterly/reset,60454037.7074649,6.04540377074649,0.4780779185589372,1.951245827389319,-0.3450574814319519,4.322086583628354,839868.5305060833,110.0,,0.6545454545454545,1.6461714308586826,,8616185.287543843,,,-3.1560147520233692,,
WGT,Nifty 100 + Midcap 100,composite (mom + info-disc + drawdown),252,21,8/1/1,False,weekly,drift,output/v1/w8_weekly_drift,WGT w8 weekly/drift,66426126.5613109,6.6426126561310905,0.5023439135489995,1.9719014968098527,-0.32533747291456216,17.804499097040146,3624932.627858023,494.0,,0.49190283400809715,2.2074235600860614,,5075941.826760431,,,-3.6333818753601568,,
WGT,Nifty 100 + Midcap 100,composite (mom + info-disc + drawdown),252,21,8/1/1,False,weekly,reset,output/v1/w8_weekly_reset,WGT w8 weekly/reset,73545242.39282548,7.354524239282549,0.5293631981414868,2.097226837926945,-0.3327303883053928,21.00610322916605,4696580.700949318,494.0,,0.5040485829959515,2.0370373487477664,,5081177.876697245,,,-5.185590334030807,,
