index_name,symbol,effective_from,effective_to
nifty 100,ABB,2023-07-13,
nifty 100,ACC,2019-06-01,2024-03-28
nifty 100,ADANIENSOL,2019-06-01,
nifty 100,ADANIENT,2021-06-30,
nifty 100,ADANIGREEN,2019-06-01,
nifty 100,ADANIPORTS,2019-06-01,
nifty 100,ADANIPOWER,2024-09-30,
nifty 100,AMBUJACEM,2019-06-01,
nifty 100,APOLLOHOSP,2021-06-30,
nifty 100,ASIANPAINT,2019-06-01,
nifty 100,ATGL,2023-03-31,2025-09-30
nifty 100,AUROPHARMA,2019-06-01,2022-05-04
nifty 100,AWL,2023-07-13,2024-09-30
nifty 100,AXISBANK,2019-06-01,
nifty 100,BAJAJ-AUTO,2019-06-01,
nifty 100,BAJAJFINSV,2019-06-01,
nifty 100,BAJAJHFL,2025-09-30,2026-08-24
nifty 100,BAJAJHLDNG,2019-06-01,
nifty 100,BAJFINANCE,2019-06-01,
nifty 100,BANDHANBNK,2019-06-01,2023-07-13
nifty 100,BANKBARODA,2019-06-01,
nifty 100,BEL,2023-03-31,
nifty 100,BERGEPAINT,2019-06-01,2025-03-28
nifty 100,BHARTIARTL,2019-06-01,
nifty 100,BHEL,2025-03-28,2025-09-30
nifty 100,BIOCON,2019-06-01,2023-07-13
nifty 100,BOSCHLTD,2019-06-01,
nifty 100,BPCL,2019-06-01,
nifty 100,BRITANNIA,2019-06-01,
nifty 100,CANBK,2023-07-13,
nifty 100,CGPOWER,2025-09-30,
nifty 100,CHOLAFIN,2019-06-01,
nifty 100,CIPLA,2019-06-01,
nifty 100,COALINDIA,2019-06-01,
nifty 100,COLPAL,2019-06-01,2025-03-28
nifty 100,CONCOR,2019-06-01,2021-06-30
nifty 100,CUMMINSIND,2026-08-24,
nifty 100,DABUR,2019-06-01,2026-03-30
nifty 100,DIVISLAB,2019-06-01,
nifty 100,DLF,2019-06-01,
nifty 100,DMART,2019-06-01,
nifty 100,DRREDDY,2019-06-01,
nifty 100,EICHERMOT,2019-06-01,
nifty 100,ENRIN,2026-03-30,
nifty 100,ETERNAL,2022-05-04,
nifty 100,GAIL,2019-06-01,
nifty 100,GICRE,2019-06-01,2021-06-30
nifty 100,GLAND,2021-10-29,2023-07-13
nifty 100,GODREJCP,2019-06-01,
nifty 100,GRASIM,2019-06-01,
nifty 100,HAL,2023-03-31,
nifty 100,HAVELLS,2019-06-01,2026-08-24
nifty 100,HCLTECH,2019-06-01,
nifty 100,HDFC,2019-06-01,2023-09-29
nifty 100,HDFCAMC,2019-06-01,2024-03-28
nifty 100,HDFCAMC,2026-08-24,
nifty 100,HDFCBANK,2019-06-01,
nifty 100,HDFCLIFE,2019-06-01,
nifty 100,HEROMOTOCO,2019-06-01,2026-03-30
nifty 100,HINDALCO,2019-06-01,
nifty 100,HINDPETRO,2019-06-01,2022-05-04
nifty 100,HINDUNILVR,2019-06-01,
nifty 100,HINDZINC,2019-06-01,2021-06-30
nifty 100,HINDZINC,2026-03-30,
nifty 100,HYUNDAI,2025-09-30,
nifty 100,ICICIBANK,2019-06-01,
nifty 100,ICICIGI,2019-06-01,2026-08-24
nifty 100,ICICIPRULI,2019-06-01,2026-03-30
nifty 100,IGL,2019-06-01,2022-05-04
nifty 100,INDHOTEL,2025-09-30,
nifty 100,INDIGO,2019-06-01,
nifty 100,INDUSINDBK,2019-06-01,2026-03-30
nifty 100,INDUSTOWER,2019-06-01,2024-03-28
nifty 100,INFY,2019-06-01,
nifty 100,IOC,2019-06-01,
nifty 100,IRCTC,2023-03-31,2025-09-30
nifty 100,IRFC,2024-09-30,
nifty 100,ITC,2019-06-01,
nifty 100,JINDALSTEL,2019-06-01,2022-05-04
nifty 100,JINDALSTEL,2023-09-29,
nifty 100,JIOFIN,2024-09-30,
nifty 100,JSWENERGY,2025-03-28,2026-08-24
nifty 100,JSWSTEEL,2019-06-01,
nifty 100,JUBLFOOD,2021-06-30,2023-03-31
nifty 100,KOTAKBANK,2019-06-01,
nifty 100,LICI,2022-09-30,2026-08-24
nifty 100,LODHA,2025-03-28,
nifty 100,LT,2019-06-01,
nifty 100,LTM,2019-06-01,
nifty 100,LUPIN,2019-06-01,2023-03-31
nifty 100,M&M,2019-06-01,
nifty 100,MARICO,2019-06-01,2025-03-28
nifty 100,MARUTI,2019-06-01,
nifty 100,MAXHEALTH,2026-03-30,
nifty 100,MAZDOCK,2026-03-30,
nifty 100,MINDTREE,2022-05-04,2023-03-31
nifty 100,MOTHERSON,2019-06-01,2021-10-29
nifty 100,MOTHERSON,2023-03-31,
nifty 100,MPHASIS,2023-03-31,2023-07-13
nifty 100,MUTHOOTFIN,2019-06-01,2024-09-30
nifty 100,MUTHOOTFIN,2026-08-24,
nifty 100,NAUKRI,2019-06-01,2026-08-24
nifty 100,NESTLEIND,2019-06-01,
nifty 100,NHPC,2025-03-28,2025-09-30
nifty 100,NMDC,2019-06-01,2022-09-30
nifty 100,NTPC,2019-06-01,
nifty 100,NYKAA,2022-05-04,2024-03-28
nifty 100,OFSS,2019-06-01,2021-06-30
nifty 100,ONGC,2019-06-01,
nifty 100,PAGEIND,2023-07-13,2024-03-28
nifty 100,PAYTM,2022-05-04,2023-07-13
nifty 100,PEL,2019-06-01,2022-09-30
nifty 100,PFC,2019-06-01,2021-06-30
nifty 100,PFC,2024-09-30,
nifty 100,PGHH,2019-06-01,2024-09-30
nifty 100,PIDILITIND,2019-06-01,
nifty 100,PIIND,2019-06-01,2024-09-30
nifty 100,PNB,2019-06-01,2023-03-31
nifty 100,PNB,2024-03-28,
nifty 100,POWERGRID,2019-06-01,
nifty 100,RECLTD,2024-09-30,
nifty 100,RELIANCE,2019-06-01,
nifty 100,SAIL,2019-06-01,2023-03-31
nifty 100,SBICARD,2019-06-01,2025-03-28
nifty 100,SBILIFE,2019-06-01,
nifty 100,SBIN,2019-06-01,
nifty 100,SHREECEM,2019-06-01,
nifty 100,SHRIRAMFIN,2024-03-28,
nifty 100,SIEMENS,2019-06-01,
nifty 100,SOLARINDS,2026-03-30,
nifty 100,SRF,2022-05-04,2025-03-28
nifty 100,SUNPHARMA,2019-06-01,
nifty 100,SWIGGY,2025-09-30,2026-03-30
nifty 100,TATACAP,2026-08-24,
nifty 100,TATACONSUM,2019-06-01,
nifty 100,TATAPOWER,2022-09-30,
nifty 100,TATASTEEL,2019-06-01,
nifty 100,TCS,2019-06-01,
nifty 100,TECHM,2019-06-01,
nifty 100,TITAN,2019-06-01,
nifty 100,TMCV,2026-08-24,
nifty 100,TMPV,2019-06-01,
nifty 100,TORNTPHARM,2019-06-01,
nifty 100,TRENT,2024-03-28,
nifty 100,TVSMOTOR,2024-03-28,
nifty 100,ULTRACEMCO,2019-06-01,
nifty 100,UNIONBANK,2025-03-28,2025-09-30
nifty 100,UNIONBANK,2026-08-24,
nifty 100,UNITDSPR,2019-06-01,
nifty 100,UPL,2019-06-01,2024-09-30
nifty 100,VBL,2023-07-13,
nifty 100,VEDL,2021-06-30,
nifty 100,WIPRO,2019-06-01,
nifty 100,YESBANK,2021-06-30,2022-05-04
nifty 100,ZYDUSLIFE,2019-06-01,2023-03-31
nifty 100,ZYDUSLIFE,2024-03-28,
nifty midcap 100,360ONE,2025-09-30,
nifty midcap 100,AARTIIND,2019-06-01,2022-08-08
nifty midcap 100,ABB,2022-03-31,2023-03-31
nifty midcap 100,ABBOTINDIA,2022-03-31,2023-09-29
nifty midcap 100,ABCAPITAL,2019-06-01,
nifty midcap 100,ABFRL,2019-06-01,2025-09-30
nifty midcap 100,ACC,2023-09-29,2026-03-30
nifty midcap 100,ADANIENT,2019-06-01,2021-03-31
nifty midcap 100,ADANIPOWER,2023-03-31,2024-03-28
nifty midcap 100,AJANTPHARM,2019-06-01,2022-03-31
nifty midcap 100,ALKEM,2019-06-01,
nifty midcap 100,APLAPOLLO,2023-09-29,
nifty midcap 100,APLLTD,2019-06-01,2022-09-30
nifty midcap 100,APOLLOHOSP,2019-06-01,2021-03-31
nifty midcap 100,APOLLOTYRE,2019-06-01,2022-09-30
nifty midcap 100,APOLLOTYRE,2023-03-31,2025-09-30
nifty midcap 100,ARE&M,2019-06-01,2022-03-31
nifty midcap 100,ASHOKLEY,2019-06-01,
nifty midcap 100,ASTRAL,2019-06-01,
nifty midcap 100,ATGL,2019-06-01,2022-09-30
nifty midcap 100,ATGL,2025-03-28,
nifty midcap 100,AUBANK,2019-06-01,
nifty midcap 100,AUROPHARMA,2022-03-31,
nifty midcap 100,AWL,2022-09-30,2023-03-31
nifty midcap 100,BALKRISIND,2019-06-01,2025-03-28
nifty midcap 100,BANDHANBNK,2023-03-31,2025-09-30
nifty midcap 100,BANKINDIA,2019-06-01,
nifty midcap 100,BATAINDIA,2019-06-01,2024-03-28
nifty midcap 100,BDL,2023-09-29,
nifty midcap 100,BEL,2019-06-01,2022-09-30
nifty midcap 100,BHARATFORG,2019-06-01,
nifty midcap 100,BHARTIHEXA,2024-09-30,2026-03-30
nifty midcap 100,BHEL,2019-06-01,2024-09-30
nifty midcap 100,BHEL,2025-03-28,
nifty midcap 100,BIOCON,2023-03-31,
nifty midcap 100,BLUESTARCO,2025-09-30,
nifty midcap 100,BSE,2024-03-28,
nifty midcap 100,CANBK,2019-06-01,2023-03-31
nifty midcap 100,CASTROLIND,2019-06-01,2022-03-31
nifty midcap 100,CGPOWER,2023-03-31,2025-03-28
nifty midcap 100,CLEAN,2022-03-31,2023-03-31
nifty midcap 100,COCHINSHIP,2024-09-30,
nifty midcap 100,COFORGE,2019-06-01,
nifty midcap 100,COLPAL,2024-09-30,
nifty midcap 100,CONCOR,2021-03-31,
nifty midcap 100,COROMANDEL,2019-06-01,2024-03-28
nifty midcap 100,COROMANDEL,2025-09-30,
nifty midcap 100,CROMPTON,2019-06-01,2024-03-28
nifty midcap 100,CUB,2019-06-01,2022-03-31
nifty midcap 100,CUMMINSIND,2019-06-01,2026-03-30
nifty midcap 100,DABUR,2025-09-30,
nifty midcap 100,DALBHARAT,2019-06-01,2024-09-30
nifty midcap 100,DEEPAKNTR,2021-03-31,2024-09-30
nifty midcap 100,DELHIVERY,2022-08-08,2025-03-28
nifty midcap 100,DEVYANI,2023-03-31,2024-03-28
nifty midcap 100,DHANI,2019-06-01,2022-03-31
nifty midcap 100,DIXON,2021-03-31,
nifty midcap 100,EDELWEISS,2019-06-01,2021-03-31
nifty midcap 100,EMAMILTD,2019-06-01,2023-03-31
nifty midcap 100,ENDURANCE,2019-06-01,2022-03-31
nifty midcap 100,ESCORTS,2019-06-01,2025-09-30
nifty midcap 100,EXIDEIND,2019-06-01,2022-09-30
nifty midcap 100,EXIDEIND,2024-09-30,
nifty midcap 100,FACT,2023-09-29,2025-03-28
nifty midcap 100,FEDERALBNK,2019-06-01,
nifty midcap 100,FLUOROCHEM,2023-03-31,2024-03-28
nifty midcap 100,FORTIS,2019-06-01,2024-09-30
nifty midcap 100,FORTIS,2025-09-30,
nifty midcap 100,FRETAIL,2019-06-01,2021-03-31
nifty midcap 100,GLAND,2023-03-31,2024-09-30
nifty midcap 100,GLENMARK,2019-06-01,2022-09-30
nifty midcap 100,GLENMARK,2025-03-28,
nifty midcap 100,GMRAIRPORT,2019-06-01,2022-03-31
nifty midcap 100,GMRAIRPORT,2024-03-28,
nifty midcap 100,GODFRYPHLP,2025-09-30,
nifty midcap 100,GODREJIND,2019-06-01,2022-03-31
nifty midcap 100,GODREJPROP,2019-06-01,
nifty midcap 100,GROWW,2026-03-30,
nifty midcap 100,GSPL,2019-06-01,2023-03-31
nifty midcap 100,GUJGASLTD,2019-06-01,2024-09-30
nifty midcap 100,GVT&D,2026-03-30,
nifty midcap 100,HAL,2021-03-31,2022-09-30
nifty midcap 100,HAVELLS,2026-03-30,
nifty midcap 100,HDFCAMC,2023-09-29,2026-03-30
nifty midcap 100,HEROMOTOCO,2025-09-30,
nifty midcap 100,HINDCOPPER,2019-06-01,2022-03-31
nifty midcap 100,HINDPETRO,2022-03-31,
nifty midcap 100,HINDZINC,2021-03-31,2023-09-29
nifty midcap 100,HINDZINC,2024-09-30,2025-09-30
nifty midcap 100,HONAUT,2022-08-08,2023-09-29
nifty midcap 100,HUDCO,2019-06-01,2021-03-31
nifty midcap 100,HUDCO,2024-09-30,
nifty midcap 100,ICICIAMC,2026-03-30,
nifty midcap 100,ICICIGI,2026-03-30,
nifty midcap 100,IDBI,2022-03-31,2022-09-30
nifty midcap 100,IDBI,2024-03-28,2025-03-28
nifty midcap 100,IDEA,2019-06-01,
nifty midcap 100,IDFCFIRSTB,2019-06-01,
nifty midcap 100,IEX,2022-03-31,2023-03-31
nifty midcap 100,IGL,2022-03-31,2026-03-30
nifty midcap 100,INDHOTEL,2019-06-01,2025-03-28
nifty midcap 100,INDIAMART,2021-03-31,2023-03-31
nifty midcap 100,INDIANB,2019-06-01,
nifty midcap 100,INDUSINDBK,2025-09-30,
nifty midcap 100,INDUSTOWER,2023-09-29,
nifty midcap 100,IOB,2024-09-30,2025-03-28
nifty midcap 100,IPCALAB,2019-06-01,2024-09-30
nifty midcap 100,IRB,2024-09-30,2026-03-30
nifty midcap 100,IRCTC,2019-06-01,2022-09-30
nifty midcap 100,IRCTC,2025-03-28,
nifty midcap 100,IREDA,2024-09-30,
nifty midcap 100,IRFC,2019-06-01,2022-03-31
nifty midcap 100,IRFC,2023-03-31,2024-03-28
nifty midcap 100,ISEC,2019-06-01,2023-03-31
nifty midcap 100,ITCHOTELS,2025-09-30,2026-03-30
nifty midcap 100,JINDALSTEL,2022-03-31,2023-07-13
nifty midcap 100,JSWENERGY,2019-06-01,2024-09-30
nifty midcap 100,JSWENERGY,2026-03-30,
nifty midcap 100,JSWINFRA,2024-03-28,2025-03-28
nifty midcap 100,JUBLFOOD,2019-06-01,2021-03-31
nifty midcap 100,JUBLFOOD,2022-09-30,
nifty midcap 100,KALYANKJIL,2024-03-28,
nifty midcap 100,KEI,2025-09-30,
nifty midcap 100,KPITTECH,2023-09-29,
nifty midcap 100,LALPATHLAB,2019-06-01,2024-09-30
nifty midcap 100,LAURUSLABS,2021-03-31,2024-09-30
nifty midcap 100,LAURUSLABS,2026-03-30,
nifty midcap 100,LENSKART,2026-03-30,
nifty midcap 100,LGEINDIA,2026-03-30,
nifty midcap 100,LICHSGFIN,2019-06-01,
nifty midcap 100,LINDEINDIA,2022-09-30,2023-03-31
nifty midcap 100,LODHA,2023-09-29,2024-09-30
nifty midcap 100,LTF,2019-06-01,
nifty midcap 100,LTTS,2019-06-01,2024-09-30
nifty midcap 100,LUPIN,2022-09-30,
nifty midcap 100,M&MFIN,2019-06-01,
nifty midcap 100,MAHABANK,2024-03-28,2025-09-30
nifty midcap 100,MANAPPURAM,2019-06-01,2022-09-30
nifty midcap 100,MANKIND,2023-07-13,
nifty midcap 100,MARICO,2024-09-30,
nifty midcap 100,MAXHEALTH,2022-03-31,2025-09-30
nifty midcap 100,MAZDOCK,2023-09-29,2025-09-30
nifty midcap 100,MCX,2026-03-30,
nifty midcap 100,METROPOLIS,2022-03-31,2022-09-30
nifty midcap 100,MFSL,2019-06-01,
nifty midcap 100,MGL,2019-06-01,2022-03-31
nifty midcap 100,MINDTREE,2019-06-01,2022-03-31
nifty midcap 100,MOTILALOFS,2025-03-28,
nifty midcap 100,MPHASIS,2019-06-01,2022-09-30
nifty midcap 100,MPHASIS,2023-03-31,
nifty midcap 100,MRF,2019-06-01,
nifty midcap 100,MRPL,2024-09-30,2025-03-28
nifty midcap 100,MSUMI,2022-09-30,2024-03-28
nifty midcap 100,MUTHOOTFIN,2024-09-30,2026-03-30
nifty midcap 100,NAM-INDIA,2019-06-01,2023-03-31
nifty midcap 100,NATCOPHARM,2019-06-01,2022-03-31
nifty midcap 100,NATIONALUM,2019-06-01,2023-03-31
nifty midcap 100,NATIONALUM,2025-03-28,
nifty midcap 100,NAUKRI,2026-03-30,
nifty midcap 100,NAVINFLUOR,2019-06-01,2024-03-28
nifty midcap 100,NHPC,2023-03-31,2024-09-30
nifty midcap 100,NHPC,2025-03-28,
nifty midcap 100,NLCINDIA,2024-09-30,2025-03-28
nifty midcap 100,NMDC,2023-03-31,
nifty midcap 100,NTPCGREEN,2025-03-28,2026-03-30
nifty midcap 100,NYKAA,2023-09-29,
nifty midcap 100,OBEROIRLTY,2019-06-01,
nifty midcap 100,OFSS,2022-03-31,2023-09-29
nifty midcap 100,OFSS,2024-03-28,
nifty midcap 100,OIL,2019-06-01,
nifty midcap 100,OLAELEC,2025-03-28,2025-09-30
nifty midcap 100,PAGEIND,2019-06-01,2023-03-31
nifty midcap 100,PAGEIND,2023-09-29,
nifty midcap 100,PATANJALI,2022-09-30,
nifty midcap 100,PAYTM,2023-03-31,
nifty midcap 100,PEL,2023-03-31,2024-09-30
nifty midcap 100,PERSISTENT,2022-03-31,
nifty midcap 100,PETRONET,2019-06-01,2025-09-30
nifty midcap 100,PFC,2021-03-31,2024-03-28
nifty midcap 100,PFIZER,2019-06-01,2022-03-31
nifty midcap 100,PHOENIXLTD,2024-09-30,
nifty midcap 100,PIIND,2024-03-28,
nifty midcap 100,PNB,2022-09-30,2023-09-29
nifty midcap 100,POLICYBZR,2022-03-31,
nifty midcap 100,POLYCAB,2019-06-01,
nifty midcap 100,POONAWALLA,2022-09-30,2025-03-28
nifty midcap 100,POWERINDIA,2025-09-30,
nifty midcap 100,PREMIERENE,2025-03-28,
nifty midcap 100,PRESTIGE,2019-06-01,
nifty midcap 100,RADICO,2026-03-30,
nifty midcap 100,RAJESHEXPO,2019-06-01,2021-03-31
nifty midcap 100,RAMCOCEM,2019-06-01,2024-03-28
nifty midcap 100,RBLBANK,2019-06-01,2022-03-31
nifty midcap 100,RECLTD,2019-06-01,2024-03-28
nifty midcap 100,RVNL,2023-09-29,
nifty midcap 100,SAIL,2022-09-30,
nifty midcap 100,SANOFI,2019-06-01,2022-03-31
nifty midcap 100,SBICARD,2024-09-30,
nifty midcap 100,SHRIRAMFIN,2019-06-01,2023-09-29
nifty midcap 100,SJVN,2024-03-28,2025-09-30
nifty midcap 100,SOLARINDS,2024-09-30,2025-09-30
nifty midcap 100,SONACOMS,2022-03-31,2026-03-30
nifty midcap 100,SRF,2019-06-01,2022-03-31
nifty midcap 100,SRF,2024-09-30,
nifty midcap 100,SUNDARMFIN,2024-09-30,2025-03-28
nifty midcap 100,SUNTV,2019-06-01,2024-09-30
nifty midcap 100,SUPREMEIND,2024-03-28,
nifty midcap 100,SUZLON,2024-03-28,
nifty midcap 100,SWIGGY,2025-09-30,
nifty midcap 100,SYNGENE,2019-06-01,2024-09-30
nifty midcap 100,TATACHEM,2019-06-01,2025-03-28
nifty midcap 100,TATACOMM,2019-06-01,
nifty midcap 100,TATAELXSI,2021-03-31,
nifty midcap 100,TATAINVEST,2026-03-30,
nifty midcap 100,TATAPOWER,2019-06-01,2022-08-08
nifty midcap 100,TATATECH,2024-03-28,2026-03-30
nifty midcap 100,TIINDIA,2022-09-30,
nifty midcap 100,TORNTPOWER,2019-06-01,2026-03-30
nifty midcap 100,TRENT,2019-06-01,2023-09-29
nifty midcap 100,TRIDENT,2022-03-31,2023-09-29
nifty midcap 100,TTML,2022-09-30,2023-09-29
nifty midcap 100,TVSMOTOR,2019-06-01,2023-09-29
nifty midcap 100,UBL,2019-06-01,2024-03-28
nifty midcap 100,UNIONBANK,2019-06-01,2024-09-30
nifty midcap 100,UNIONBANK,2025-03-28,2026-03-30
nifty midcap 100,UPL,2024-03-28,
nifty midcap 100,VBL,2019-06-01,2023-03-31
nifty midcap 100,VMM,2025-03-28,
nifty midcap 100,VOLTAS,2019-06-01,
nifty midcap 100,WAAREEENER,2025-03-28,
nifty midcap 100,WHIRLPOOL,2019-06-01,2023-09-29
nifty midcap 100,YESBANK,2019-06-01,2021-03-31
nifty midcap 100,YESBANK,2022-03-31,
nifty midcap 100,ZEEL,2019-06-01,2024-09-30
nifty midcap 100,ZYDUSLIFE,2022-09-30,2023-09-29
